date,Price
8/29/11,
8/30/11,
8/31/11,
9/1/11,
9/2/11,21.3
9/5/11,22.1
9/6/11,22.4
9/7/11,22.85
9/8/11,22.65
9/9/11,22.45
9/12/11,21.55
9/13/11,20.55
9/14/11,19.45
9/15/11,18.8
9/16/11,18.15
9/19/11,18.2
9/20/11,18.25
9/21/11,18.3
9/22/11,18.4
9/23/11,18.5
9/26/11,18.6
9/27/11,18.55
9/28/11,18.53
9/29/11,18.53
9/30/11,18.53
10/3/11,18.63
10/4/11,18.88
10/5/11,18.85
10/6/11,18.75
10/7/11,18.65
10/10/11,18.45
10/11/11,18.25
10/12/11,18.3
10/13/11,18.55
10/14/11,18.85
10/17/11,19.15
10/18/11,19.35
10/19/11,19.5
10/20/11,19.35
10/21/11,19.15
10/24/11,18.92
10/25/11,18.79
10/26/11,18.59
10/27/11,18.49
10/28/11,18.39
10/31/11,18.32
11/1/11,18.25
11/2/11,18.2
11/3/11,17.91
11/4/11,17.62
11/7/11,17.33
11/8/11,17.03
11/9/11,16.87
11/10/11,17
11/11/11,17.13
11/14/11,17.29
11/15/11,17.46
11/16/11,17.52
11/17/11,17.38
11/18/11,17.14
11/21/11,16.81
11/22/11,16.49
11/23/11,16.19
11/24/11,16.04
11/25/11,15.99
11/28/11,15.92
11/29/11,15.88
11/30/11,15.93
12/1/11,15.98
12/2/11,16.03
12/5/11,16.09
12/6/11,16.05
12/7/11,15.92
12/8/11,15.81
12/9/11,15.7
12/12/11,15.66
12/13/11,15.68
12/14/11,15.7
12/15/11,15.66
12/16/11,15.62
12/19/11,15.58
12/20/11,15.54
12/21/11,15.5
12/22/11,15.6
12/23/11,15.7
12/27/11,15.8
12/28/11,16
12/29/11,16.13
12/30/11,16.03
1/3/12,15.91
1/4/12,15.79
1/5/12,15.55
1/6/12,15.07
1/9/12,14.72
1/10/12,14.46
1/11/12,14.2
1/12/12,13.96
1/13/12,13.97
1/16/12,13.98
1/17/12,13.92
1/18/12,13.85
1/19/12,13.78
1/20/12,13.77
1/23/12,13.76
1/24/12,13.75
1/25/12,13.6
1/26/12,13.45
1/27/12,13.3
1/30/12,13.25
1/31/12,13.27
2/1/12,13.49
2/2/12,13.9
2/3/12,14.45
2/6/12,14.9
2/7/12,15.28
2/8/12,15.61
2/9/12,15.6
2/10/12,15.39
2/13/12,15.02
2/14/12,14.68
2/15/12,14.34
2/16/12,14.19
2/17/12,14.1
2/20/12,14.17
2/21/12,14.26
2/22/12,14.33
2/23/12,14.36
2/24/12,14.39
2/27/12,14.37
2/28/12,14.3
2/29/12,14.2
3/1/12,14.04
3/2/12,13.9
3/5/12,13.81
3/6/12,13.72
3/7/12,13.74
3/8/12,13.87
3/9/12,13.98
3/12/12,14.09
3/13/12,14.25
3/14/12,14.35
3/15/12,14.4
3/16/12,14.51
3/19/12,14.62
3/20/12,14.68
3/21/12,14.74
3/22/12,14.8
3/23/12,14.8
3/26/12,14.84
3/27/12,14.86
3/28/12,14.8
3/29/12,14.74
3/30/12,14.57
4/2/12,14.36
4/3/12,14.17
4/4/12,14.06
4/5/12,13.94
4/9/12,13.93
4/10/12,13.92
4/11/12,13.91
4/12/12,13.87
4/13/12,13.85
4/16/12,13.87
4/17/12,14.05
4/18/12,14.23
4/19/12,14.53
4/20/12,15.01
4/23/12,15.3
4/24/12,15.51
4/25/12,15.74
4/26/12,15.88
4/27/12,15.83
4/30/12,15.93
5/1/12,15.95
5/2/12,15.86
5/3/12,15.77
5/4/12,15.57
5/7/12,15.38
5/8/12,15.19
5/9/12,15.13
5/10/12,15.09
5/11/12,15.16
5/14/12,15.22
5/15/12,15.32
5/16/12,15.34
5/17/12,15.35
5/18/12,15.36
5/21/12,15.37
5/22/12,15.34
5/23/12,15.33
5/24/12,15.31
5/25/12,15.27
5/28/12,15.23
5/29/12,15.22
5/30/12,15.23
5/31/12,15.28
6/1/12,15.32
6/4/12,15.36
6/5/12,15.37
6/6/12,15.38
6/7/12,15.38
6/8/12,15.55
6/11/12,15.66
6/12/12,15.71
6/13/12,15.76
6/14/12,15.78
6/15/12,15.74
6/18/12,15.76
6/19/12,15.9
6/20/12,16.13
6/21/12,16.36
6/22/12,16.59
6/25/12,16.82
6/26/12,17.03
6/27/12,17.15
6/28/12,17.45
6/29/12,17.69
7/2/12,17.93
7/3/12,18.13
7/4/12,18.33
7/5/12,18.39
7/6/12,18.43
7/9/12,18.51
7/10/12,18.59
7/11/12,18.72
7/12/12,18.82
7/13/12,18.93
7/16/12,19
7/17/12,19.09
7/18/12,19.14
7/19/12,19.18
7/20/12,19.24
7/23/12,19.36
7/24/12,19.54
7/25/12,19.65
7/26/12,19.76
7/27/12,19.81
7/30/12,19.76
7/31/12,19.35
8/1/12,19.19
8/2/12,19
8/3/12,18.82
8/6/12,18.68
8/7/12,18.67
8/8/12,18.49
8/9/12,18.29
8/10/12,18.11
8/13/12,17.93
8/14/12,17.83
8/15/12,17.68
8/16/12,17.58
8/17/12,17.31
8/20/12,17.09
8/21/12,17.07
8/22/12,17.02
8/23/12,16.9
8/24/12,16.9
8/27/12,16.9
8/28/12,16.77
8/29/12,16.62
8/30/12,16.53
8/31/12,16.48
9/3/12,16.38
9/4/12,16.33
9/5/12,16.36
9/6/12,16.4
9/7/12,16.45
9/10/12,16.45
9/11/12,16.32
9/12/12,16.22
9/13/12,16.05
9/14/12,15.88
9/17/12,15.83
9/18/12,15.87
9/19/12,15.88
9/20/12,15.9
9/21/12,15.91
9/24/12,15.86
9/25/12,15.78
9/26/12,15.66
9/27/12,15.55
9/28/12,15.45
10/1/12,15.34
10/2/12,15.25
10/3/12,15.16
10/4/12,15.07
10/5/12,14.94
10/8/12,14.82
10/9/12,14.7
10/10/12,14.62
10/11/12,14.55
10/12/12,14.52
10/15/12,14.44
10/16/12,14.36
10/17/12,14.27
10/18/12,14.12
10/19/12,13.9
10/22/12,13.61
10/23/12,13.33
10/24/12,13.02
10/25/12,12.76
10/26/12,12.55
10/29/12,12.46
10/30/12,12.36
10/31/12,12.3
11/1/12,12.41
11/2/12,12.44
11/5/12,12.43
11/6/12,12.44
11/7/12,12.45
11/8/12,12.32
11/9/12,12.29
11/12/12,12.33
11/13/12,12.32
11/14/12,12.26
11/15/12,12.22
11/16/12,12.18
11/19/12,12.02
11/20/12,11.9
11/21/12,11.8
11/22/12,11.7
11/23/12,11.6
11/26/12,11.6
11/27/12,11.58
11/28/12,11.59
11/29/12,11.6
11/30/12,11.69
12/3/12,11.99
12/4/12,12.25
12/5/12,12.53
12/6/12,12.76
12/7/12,12.96
12/10/12,12.93
12/11/12,12.99
12/12/12,13.08
12/13/12,13.25
12/14/12,13.46
12/17/12,13.74
12/18/12,14.02
12/19/12,14.33
12/20/12,14.59
12/21/12,14.74
12/24/12,14.82
12/26/12,14.86
12/27/12,14.81
12/28/12,14.65
12/31/12,14.64
1/2/13,14.92
1/3/13,15.13
1/4/13,15.37
1/7/13,15.8
1/8/13,16.13
1/9/13,16.01
1/10/13,15.83
1/11/13,15.52
1/14/13,15.09
1/15/13,14.61
1/16/13,14.34
1/17/13,14.22
1/18/13,14.17
1/21/13,14.18
1/22/13,14.17
1/23/13,14.13
1/24/13,14.07
1/25/13,14.16
1/28/13,14.18
1/29/13,14.23
1/30/13,14.25
1/31/13,14.32
2/1/13,14.3
2/4/13,14.4
2/5/13,14.45
2/6/13,14.45
2/7/13,14.41
2/8/13,14.37
2/11/13,14.3
2/12/13,14.26
2/13/13,14.25
2/14/13,14.21
2/15/13,14.15
2/18/13,14.07
2/19/13,13.91
2/20/13,13.81
2/21/13,13.83
2/22/13,14.01
2/25/13,14.24
2/26/13,14.52
2/27/13,14.73
2/28/13,14.87
3/1/13,14.89
3/4/13,14.86
3/5/13,14.86
3/6/13,14.85
3/7/13,14.79
3/8/13,14.7
3/11/13,14.61
3/12/13,14.49
3/13/13,14.41
3/14/13,14.34
3/15/13,14.3
3/18/13,14.25
3/19/13,14.28
3/20/13,14.33
3/21/13,14.41
3/22/13,14.38
3/25/13,14.37
3/26/13,14.33
3/27/13,14.28
3/28/13,14.22
4/1/13,14.22
4/2/13,14.2
4/3/13,14.19
4/4/13,14.19
4/5/13,14.18
4/8/13,14.18
4/9/13,14.22
4/10/13,14.27
4/11/13,14.35
4/12/13,14.49
4/15/13,14.66
4/16/13,14.77
4/17/13,14.82
4/18/13,14.81
4/19/13,14.78
4/22/13,14.74
4/23/13,14.72
4/24/13,14.77
4/25/13,14.77
4/26/13,14.75
4/29/13,14.72
4/30/13,14.68
5/1/13,14.58
5/2/13,14.55
5/3/13,14.5
5/6/13,14.47
5/7/13,14.49
5/8/13,14.51
5/9/13,14.51
5/10/13,14.524
5/13/13,14.514
5/14/13,14.494
5/15/13,14.514
5/16/13,14.594
5/17/13,14.71
5/20/13,14.78
5/21/13,14.76
5/22/13,14.72
5/23/13,14.66
5/24/13,14.56
5/27/13,14.5
5/28/13,14.528
5/29/13,14.568
5/30/13,14.558
5/31/13,14.568
6/3/13,14.578
6/4/13,14.57
6/5/13,14.55
6/6/13,14.56
6/7/13,14.58
6/10/13,14.58
6/11/13,14.57
6/12/13,14.594
6/13/13,14.618
6/14/13,14.598
6/17/13,14.618
6/18/13,14.628
6/19/13,14.624
6/20/13,14.63
6/21/13,14.63
6/24/13,14.59
6/25/13,14.57
6/26/13,14.57
6/27/13,14.54
6/28/13,14.54
7/1/13,14.56
7/2/13,14.56
7/3/13,14.54
7/4/13,14.54
7/5/13,14.52
7/8/13,14.492
7/9/13,14.462
7/10/13,14.432
7/11/13,14.392
7/12/13,14.342
7/15/13,14.31
7/16/13,14.31
7/17/13,14.29
7/18/13,14.28
7/19/13,14.23
7/22/13,14.12
7/23/13,13.98
7/24/13,13.834
7/25/13,13.744
7/26/13,13.724
7/29/13,13.714
7/30/13,13.724
7/31/13,13.77
8/1/13,13.77
8/2/13,13.74
8/5/13,13.74
8/6/13,13.76
8/7/13,13.774
8/8/13,13.754
8/9/13,13.744
8/12/13,13.748
8/13/13,13.708
8/14/13,13.634
8/15/13,13.594
8/16/13,13.544
8/19/13,13.49
8/20/13,13.44
8/21/13,13.24
8/22/13,13.01
8/23/13,12.8
8/26/13,12.54
8/27/13,12.33
8/28/13,12.314
8/29/13,12.384
8/30/13,12.494
9/2/13,12.654
9/3/13,12.784
9/4/13,12.9
9/5/13,12.91
9/6/13,12.87
9/9/13,12.83
9/10/13,12.72
9/11/13,12.6
9/12/13,12.51
9/13/13,12.4
9/16/13,12.29
9/17/13,12.23
9/18/13,12.19
9/19/13,12.144
9/20/13,12.088
9/23/13,11.998
9/24/13,11.942
9/25/13,11.902
9/26/13,11.902
9/27/13,11.938
9/30/13,12.024
10/1/13,12.08
10/2/13,12.12
10/3/13,12.122
10/4/13,12.114
10/7/13,12.088
10/8/13,12.084
10/9/13,12.054
10/10/13,12.018
10/11/13,12.006
10/14/13,12.026
10/15/13,12.04
10/16/13,12.05
10/17/13,12.084
10/18/13,12.092
10/21/13,12.064
10/22/13,12.034
10/23/13,12.014
10/24/13,11.976
10/25/13,11.95
10/28/13,11.95
10/29/13,11.95
10/30/13,11.96
10/31/13,12.004
11/1/13,12.046
11/4/13,12.064
11/5/13,12.064
11/6/13,12.064
11/7/13,12.038
11/8/13,12.004
11/11/13,11.958
11/12/13,11.938
11/13/13,11.918
11/14/13,11.894
11/15/13,11.864
11/18/13,11.83
11/19/13,11.8
11/20/13,11.78
11/21/13,11.782
11/22/13,11.772
11/25/13,11.802
11/26/13,11.818
11/27/13,11.824
11/28/13,11.818
11/29/13,11.834
12/2/13,11.804
12/3/13,11.778
12/4/13,11.752
12/5/13,11.716
12/6/13,11.68
12/9/13,11.66
12/10/13,11.64
12/11/13,11.62
12/12/13,11.616
12/13/13,11.616
12/16/13,11.636
12/17/13,11.674
12/18/13,11.704
12/19/13,11.722
12/20/13,11.722
12/23/13,11.722
12/31/13,
1/2/14,
1/3/14,
1/6/14,
1/7/14,12.052
1/8/14,12.048
1/9/14,12.038
1/10/14,12.018
1/13/14,11.992
1/14/14,11.982
1/15/14,11.996
1/16/14,12.036
1/17/14,12.082
1/20/14,12.128
1/21/14,12.198
1/22/14,12.262
1/23/14,12.332
1/24/14,12.404
1/27/14,12.462
1/28/14,12.436
1/29/14,12.392
1/30/14,12.282
1/31/14,12.174
2/3/14,12.09
2/4/14,12.08
2/5/14,12.062
2/6/14,12.102
2/7/14,12.16
2/10/14,12.212
2/11/14,12.22
2/12/14,12.246
2/13/14,12.25
2/14/14,12.228
2/17/14,12.174
2/18/14,12.146
2/19/14,12.148
2/20/14,12.134
2/21/14,12.138
2/24/14,12.13
2/25/14,12.09
2/26/14,12.01
2/27/14,11.968
2/28/14,11.924
3/3/14,11.92
3/4/14,11.936
3/5/14,11.956
3/6/14,11.958
3/7/14,11.948
3/10/14,11.94
3/11/14,11.942
3/12/14,11.94
3/13/14,11.942
3/14/14,11.952
3/17/14,11.956
3/18/14,11.96
3/19/14,11.944
3/20/14,11.95
3/21/14,11.952
3/24/14,11.958
3/25/14,11.966
3/26/14,11.994
3/27/14,11.996
3/28/14,11.998
3/31/14,12.002
4/1/14,11.982
4/2/14,11.966
4/3/14,11.954
4/4/14,11.944
4/7/14,11.942
4/8/14,11.962
4/9/14,11.978
4/10/14,11.99
4/11/14,12.002
4/14/14,12.004
4/15/14,12.002
4/16/14,11.99
4/17/14,11.978
4/21/14,11.96
4/22/14,11.942
4/23/14,11.924
4/24/14,11.914
4/25/14,11.896
4/28/14,11.882
4/29/14,11.856
4/30/14,11.826
5/1/14,11.798
5/2/14,11.778
5/5/14,11.758
5/6/14,11.75
5/7/14,11.75
5/8/14,11.75
5/9/14,11.762
5/12/14,11.778
5/13/14,11.794
5/14/14,11.806
5/15/14,11.802
5/16/14,11.786
5/19/14,11.762
5/20/14,11.728
5/21/14,11.698
5/22/14,11.686
5/23/14,11.674
5/26/14,11.666
5/27/14,11.684
5/28/14,11.706
5/29/14,11.746
5/30/14,11.792
6/2/14,11.84
6/3/14,11.872
6/4/14,11.908
6/5/14,11.924
6/6/14,11.922
6/9/14,11.908
6/10/14,11.886
6/11/14,11.856
6/12/14,11.826
6/13/14,11.808
6/16/14,11.81
6/17/14,11.83
6/18/14,11.854
6/19/14,11.882
6/20/14,11.906
6/23/14,11.92
6/24/14,11.93
6/25/14,11.936
6/26/14,11.944
6/27/14,11.956
6/30/14,11.96
7/1/14,11.95
7/2/14,11.94
7/3/14,11.924
7/4/14,11.908
7/7/14,11.9
7/8/14,11.906
7/9/14,11.916
7/10/14,11.92
7/11/14,11.924
7/14/14,11.926
7/15/14,11.916
7/16/14,11.906
7/17/14,11.896
7/18/14,11.878
7/21/14,11.864
7/22/14,11.858
7/23/14,11.852
7/24/14,11.858
7/25/14,11.872
7/28/14,11.882
7/29/14,11.89
7/30/14,11.894
7/31/14,11.892
8/1/14,11.89
8/4/14,11.89
8/5/14,11.89
8/6/14,11.884
8/7/14,11.878
8/8/14,11.87
8/11/14,11.862
8/12/14,11.854
8/13/14,11.85
8/14/14,11.846
8/15/14,11.85
8/18/14,11.852
8/19/14,11.842
8/20/14,11.854
8/21/14,11.852
8/22/14,11.852
8/25/14,11.852
8/26/14,11.864
8/27/14,11.864
8/28/14,11.898
8/29/14,11.922
9/1/14,11.948
9/2/14,11.974
9/3/14,11.992
9/4/14,11.992
9/5/14,11.992
9/8/14,11.994
9/9/14,12.002
9/10/14,12.01
9/11/14,12.01
9/12/14,12.02
9/15/14,12.032
9/16/14,12.042
9/17/14,12.054
9/18/14,12.072
9/19/14,12.082
9/22/14,12.09
9/23/14,12.096
9/24/14,12.102
9/25/14,12.11
9/26/14,12.118
9/29/14,12.122
9/30/14,12.124
10/1/14,12.124
10/2/14,12.122
10/3/14,12.124
10/6/14,12.114
10/7/14,12.11
10/8/14,12.112
10/9/14,12.108
10/10/14,12.106
10/13/14,12.118
10/14/14,12.124
10/15/14,12.118
10/17/14,12.122
10/20/14,12.124
10/21/14,12.118
10/22/14,12.11
10/23/14,12.108
10/24/14,12.102
10/27/14,12.092
10/28/14,12.09
10/29/14,12.1
10/30/14,12.112
10/31/14,12.126
11/3/14,12.142
11/4/14,12.158
11/5/14,12.164
11/6/14,12.168
11/7/14,12.17
11/10/14,12.17
11/11/14,12.17
11/12/14,12.17
11/13/14,12.166
11/14/14,12.164
11/17/14,12.16
11/18/14,12.158
11/19/14,12.166
11/20/14,12.188
11/21/14,12.208
11/24/14,12.222
11/25/14,12.234
11/26/14,12.232
11/27/14,12.22
11/28/14,12.208
12/1/14,12.202
12/2/14,12.198
12/3/14,12.198
12/4/14,12.206
12/5/14,12.226
12/8/14,12.256
12/9/14,12.282
12/10/14,12.312
12/11/14,12.346
12/12/14,12.366
12/15/14,12.378
12/16/14,12.392
12/17/14,12.406
12/18/14,12.418
12/19/14,12.438
12/22/14,12.464
12/23/14,12.494
12/24/14,12.526
1/2/15,
1/5/15,
1/6/15,
1/7/15,13.074
1/8/15,13.064
1/9/15,13.05
1/12/15,13.026
1/13/15,12.996
1/14/15,12.966
1/15/15,12.968
1/16/15,12.97
1/19/15,12.966
1/20/15,12.958
1/21/15,12.956
1/22/15,12.954
1/23/15,12.956
1/26/15,12.956
1/27/15,12.96
1/28/15,12.97
1/29/15,12.982
1/30/15,12.988
2/2/15,12.992
2/3/15,12.98
2/4/15,12.962
2/5/15,12.928
2/6/15,12.896
2/9/15,12.864
2/10/15,12.85
2/11/15,12.836
2/12/15,12.836
2/13/15,12.836
2/16/15,12.844
2/17/15,12.844
2/18/15,12.846
2/19/15,12.846
2/20/15,12.842
2/23/15,12.836
2/24/15,12.798
2/25/15,12.76
2/26/15,12.72
2/27/15,12.684
3/2/15,12.654
3/3/15,12.654
3/4/15,12.654
3/5/15,12.658
3/6/15,12.656
3/9/15,12.648
3/10/15,12.648
3/11/15,12.652
3/12/15,12.652
3/13/15,12.654
3/16/15,12.654
3/17/15,12.658
3/18/15,12.658
3/19/15,12.66
3/20/15,12.664
3/23/15,12.664
3/24/15,12.658
3/25/15,12.652
3/26/15,12.646
3/27/15,12.64
3/30/15,12.632
3/31/15,12.63
4/1/15,12.628
4/2/15,12.626
4/6/15,12.628
4/7/15,12.636
4/8/15,12.64
4/9/15,12.644
4/10/15,12.65
4/13/15,12.658
4/14/15,12.668
4/15/15,12.678
4/16/15,12.69
4/17/15,12.698
4/20/15,12.702
4/21/15,12.706
4/22/15,12.71
4/23/15,12.706
4/24/15,12.702
4/27/15,12.698
4/28/15,12.69
4/29/15,12.69
4/30/15,12.692
5/1/15,12.698
5/4/15,12.702
5/5/15,12.704
5/6/15,12.7
5/7/15,12.696
5/8/15,12.694
5/11/15,12.694
5/12/15,12.696
5/13/15,12.696
5/14/15,12.702
5/15/15,12.696
5/18/15,12.688
5/19/15,12.678
5/20/15,12.662
5/21/15,12.642
5/22/15,12.63
5/25/15,12.626
5/26/15,12.624
5/27/15,12.628
5/28/15,12.634
5/29/15,12.644
6/1/15,12.65
6/2/15,12.654
6/3/15,12.66
6/4/15,12.666
6/5/15,12.666
6/8/15,12.664
6/9/15,12.662
6/10/15,12.658
6/11/15,12.664
6/12/15,12.672
6/15/15,12.682
6/16/15,12.694
6/17/15,12.708
6/18/15,12.712
6/19/15,12.716
6/22/15,12.718
6/23/15,12.716
6/24/15,12.712
6/25/15,12.714
6/26/15,12.716
6/29/15,12.716
6/30/15,12.72
7/1/15,12.726
7/2/15,12.726
7/3/15,12.726
7/6/15,12.73
7/7/15,12.734
7/8/15,12.736
7/9/15,12.74
7/10/15,12.742
7/13/15,12.744
7/14/15,12.74
7/15/15,12.732
7/16/15,12.722
7/17/15,12.716
7/20/15,12.706
7/21/15,12.7
7/22/15,12.7
7/23/15,12.698
7/24/15,12.69
7/27/15,12.684
7/28/15,12.68
7/29/15,12.68
7/30/15,12.682
7/31/15,12.688
8/3/15,12.698
8/4/15,12.708
8/5/15,12.712
8/6/15,12.716
8/7/15,12.72
8/10/15,12.72
8/11/15,12.722
8/12/15,12.726
8/13/15,12.73
8/14/15,12.736
8/17/15,12.744
8/18/15,12.748
8/19/15,12.752
8/20/15,12.756
8/21/15,12.758
8/24/15,12.758
8/25/15,12.758
8/26/15,12.756
8/27/15,12.754
8/28/15,12.752
8/31/15,12.748
9/1/15,12.744
9/2/15,12.738
9/3/15,12.73
9/4/15,12.722
9/7/15,12.724
9/8/15,12.728
9/9/15,12.734
9/10/15,12.742
9/11/15,12.75
9/14/15,12.75
9/15/15,12.75
9/16/15,12.75
9/17/15,12.752
9/18/15,12.754
9/21/15,12.756
9/22/15,12.758
9/23/15,12.76
9/24/15,12.76
9/25/15,12.762
9/28/15,12.766
9/29/15,12.768
9/30/15,12.772
10/1/15,12.78
10/2/15,12.788
10/5/15,12.798
10/6/15,12.812
10/7/15,12.826
10/8/15,12.838
10/9/15,12.848
10/12/15,12.854
10/13/15,12.858
10/14/15,12.862
10/15/15,12.866
10/16/15,12.87
10/19/15,12.874
10/20/15,12.878
10/21/15,12.88
10/22/15,12.882
10/23/15,12.882
10/26/15,12.882
10/27/15,12.882
10/28/15,12.884
10/29/15,12.884
10/30/15,12.884
11/2/15,12.884
11/3/15,12.884
11/4/15,12.882
11/5/15,12.882
11/6/15,12.884
11/9/15,12.89
11/10/15,12.896
11/11/15,12.902
11/12/15,12.906
11/13/15,12.918
11/16/15,12.922
11/17/15,12.928
11/18/15,12.936
11/19/15,12.944
11/20/15,12.944
11/23/15,12.942
11/24/15,12.938
11/25/15,12.932
11/26/15,12.926
11/27/15,12.92
11/30/15,12.918
12/1/15,12.912
12/2/15,12.896
12/14/15,12.88
12/15/15,12.864
12/16/15,12.848
12/17/15,12.832
12/18/15,12.824
12/21/15,12.816
12/22/15,12.806
12/23/15,12.798
12/24/15,
1/4/16,
1/5/16,
1/6/16,
1/7/16,
1/8/16,13.186
1/11/16,13.19
1/12/16,13.194
1/13/16,13.21
1/14/16,13.216
1/15/16,13.216
1/18/16,13.212
1/19/16,13.206
1/20/16,13.194
1/21/16,13.188
1/22/16,13.188
1/25/16,13.188
1/26/16,13.196
1/27/16,13.208
1/28/16,13.218
1/29/16,13.222
2/1/16,13.228
2/2/16,13.232
2/3/16,13.232
2/4/16,13.234
2/5/16,13.236
2/8/16,13.238
2/10/16,13.236
2/11/16,13.23
2/12/16,13.214
2/15/16,13.2
2/16/16,13.178
2/17/16,13.152
2/18/16,13.122
2/19/16,13.102
2/22/16,13.074
2/23/16,12.988
2/24/16,12.91
2/25/16,12.842
2/26/16,12.828
2/29/16,12.82
3/1/16,12.876
3/2/16,12.93
3/3/16,12.982
3/4/16,12.98
3/7/16,12.98
3/8/16,12.976
3/9/16,12.966
3/10/16,12.946
3/11/16,12.926
3/14/16,12.906
3/15/16,12.886
3/16/16,12.872
3/17/16,12.866
3/18/16,12.86
3/21/16,12.858
3/22/16,12.858
3/23/16,12.846
3/24/16,12.836
3/28/16,12.83
3/29/16,12.794
3/30/16,12.744
3/31/16,12.718
4/1/16,12.678
4/4/16,12.628
4/5/16,12.612
4/6/16,12.612
4/7/16,12.6
4/8/16,12.608
4/11/16,12.624
4/12/16,12.614
4/13/16,12.566
4/14/16,12.512
4/15/16,12.446
4/18/16,12.374
4/19/16,12.328
4/20/16,12.338
4/21/16,12.384
4/22/16,12.438
4/25/16,12.506
4/26/16,12.566
4/27/16,12.598
4/28/16,12.608
4/29/16,12.612
5/2/16,12.61
5/3/16,12.616
5/4/16,12.64
5/5/16,12.68
5/6/16,12.72
5/9/16,12.744
5/10/16,12.75
5/11/16,12.736
5/12/16,12.684
5/13/16,12.636
5/16/16,12.588
5/17/16,12.546
5/18/16,12.518
5/19/16,12.506
5/20/16,12.492
5/23/16,12.478
5/24/16,12.468
5/25/16,12.46
5/26/16,12.452
5/27/16,12.446
5/30/16,12.452
5/31/16,12.464
6/1/16,12.476
6/2/16,12.496
6/3/16,12.508
6/6/16,12.526
6/7/16,12.546
6/8/16,12.564
6/9/16,12.59
6/10/16,12.622
6/13/16,12.642
6/14/16,12.652
6/15/16,12.656
6/16/16,12.64
6/17/16,12.632
6/20/16,12.63
6/21/16,12.638
6/22/16,12.648
6/23/16,12.66
6/24/16,12.666
6/27/16,12.672
6/28/16,12.67
6/29/16,12.666
6/30/16,12.668
7/1/16,12.67
7/4/16,12.672
7/5/16,12.672
7/6/16,12.678
7/7/16,12.68
7/8/16,12.682
7/11/16,12.684
7/12/16,12.694
7/13/16,12.7
7/20/16,12.706
7/21/16,12.712
7/22/16,12.718
7/25/16,12.718
7/26/16,12.726
7/27/16,12.734
7/28/16,12.742
7/29/16,12.756
8/1/16,12.772
8/2/16,12.788
8/3/16,12.802
8/4/16,12.816
8/5/16,12.824
8/8/16,12.83
8/9/16,12.832
8/10/16,12.838
8/11/16,12.842
8/12/16,12.84
8/15/16,12.834
8/16/16,12.832
8/17/16,12.826
8/18/16,12.818
8/19/16,12.816
8/22/16,12.822
8/23/16,12.824
8/24/16,12.834
8/25/16,12.85
8/26/16,12.866
8/29/16,12.878
8/30/16,12.892
8/31/16,12.898
9/1/16,12.902
9/2/16,12.906
9/5/16,12.91
9/6/16,12.91
9/7/16,12.912
9/8/16,12.92
9/9/16,12.928
9/12/16,12.934
9/13/16,12.942
9/14/16,12.948
9/15/16,12.948
9/19/16,12.948
9/20/16,12.95
9/21/16,12.95
9/22/16,12.952
9/23/16,12.954
9/26/16,12.956
9/27/16,12.956
9/28/16,12.952
9/29/16,12.946
9/29/16,12.94
9/30/16,12.932
9/30/16,12.926
10/3/16,12.92
10/3/16,12.914
10/4/16,12.904
10/4/16,12.896
10/5/16,12.888
10/5/16,12.884
10/6/16,12.876
10/6/16,12.872
10/7/16,12.866
10/7/16,12.86
10/10/16,12.856
10/10/16,12.856
10/11/16,12.858
10/11/16,12.862
10/12/16,12.866
10/12/16,12.868
10/13/16,12.87
10/13/16,12.87
10/14/16,12.866
10/14/16,12.862
10/17/16,12.858
10/17/16,12.854
10/18/16,12.856
10/18/16,12.862
10/19/16,12.864
10/19/16,12.866
10/20/16,12.87
10/20/16,12.868
10/21/16,12.87
10/21/16,12.876
10/24/16,12.896
10/25/16,12.918
10/26/16,12.94
10/27/16,12.958
10/28/16,12.978
10/31/16,12.984
11/1/16,12.986
11/2/16,12.984
11/3/16,12.982
11/4/16,12.972
11/7/16,12.962
11/8/16,12.95
11/9/16,12.926
11/10/16,12.896
11/11/16,12.88
11/14/16,12.868
11/15/16,12.86
11/17/16,12.868
11/18/16,12.882
11/21/16,12.888
11/22/16,12.876
11/23/16,12.862
11/24/16,12.848
11/25/16,12.834
11/28/16,12.824
11/29/16,12.826
11/30/16,12.822
12/1/16,12.818
12/2/16,12.814
12/5/16,12.806
12/6/16,12.804
12/7/16,12.808
12/8/16,12.81
12/9/16,12.812
12/12/16,12.81
12/13/16,12.804
12/14/16,12.804
12/15/16,12.816
12/16/16,12.828
12/19/16,12.85
12/20/16,12.872
12/21/16,12.886
12/22/16,12.892
12/23/16,12.898
1/2/17,
1/3/17,
1/4/17,
1/5/17,13.366
1/6/17,13.418
1/9/17,13.464
1/10/17,13.498
1/11/17,13.52
1/12/17,13.548
1/13/17,13.566
1/16/17,13.578
1/17/17,13.584
1/18/17,13.584
1/19/17,13.582
1/20/17,13.576
1/23/17,13.576
1/24/17,13.614
1/25/17,13.654
1/26/17,13.69
1/27/17,13.736
1/30/17,13.778
1/31/17,13.78
2/1/17,13.784
2/2/17,13.782
2/3/17,13.774
2/6/17,13.764
2/7/17,13.758
2/8/17,13.752
2/9/17,13.748
2/10/17,13.744
2/13/17,13.746
2/14/17,13.746
2/15/17,13.748
2/16/17,13.746
2/17/17,13.744
2/20/17,13.742
2/21/17,13.744
2/22/17,13.742
2/23/17,13.744
2/24/17,13.746
2/27/17,13.734
2/28/17,13.7
3/1/17,13.674
3/2/17,13.648
3/3/17,13.638
3/6/17,13.646
3/7/17,13.676
3/8/17,13.7
3/9/17,13.724
3/10/17,13.726
3/13/17,13.72
3/14/17,13.714
3/15/17,13.708
3/16/17,13.712
3/17/17,13.718
3/20/17,13.72
3/21/17,13.726
3/22/17,13.736
3/23/17,13.738
3/24/17,13.754
3/27/17,13.774
3/28/17,13.788
3/29/17,13.8
3/30/17,13.81
3/31/17,13.806
4/3/17,13.8
4/4/17,13.898
4/24/17,13.996
4/25/17,14.108
4/27/17,14.226
4/28/17,14.316
5/2/17,14.296
5/3/17,14.278
5/4/17,14.232
5/5/17,14.172
5/10/17,14.156
5/16/17,14.148
5/17/17,14.148
5/18/17,14.162
5/19/17,14.188
5/22/17,14.202
5/23/17,14.214
5/24/17,14.226
6/1/17,14.24
6/2/17,14.252
6/5/17,14.256
6/6/17,14.26
6/7/17,14.25
6/8/17,14.244
6/9/17,14.24
6/12/17,14.248
6/13/17,14.262
6/14/17,14.284
6/15/17,14.3
6/16/17,14.328
6/19/17,14.382
6/26/17,14.442
6/27/17,14.498
6/28/17,14.59
6/29/17,14.68
6/30/17,14.738
7/3/17,14.784
7/4/17,14.84
7/5/17,14.868
7/6/17,14.93
7/7/17,14.994
7/10/17,15.108
7/11/17,15.192
7/12/17,15.258
7/13/17,15.28
7/14/17,15.3
7/17/17,15.308
7/18/17,15.336
7/19/17,15.374
7/20/17,15.382
7/21/17,15.38
7/24/17,15.342
7/25/17,15.3
7/26/17,15.258
7/27/17,15.25
7/28/17,15.254
7/31/17,15.24
8/1/17,15.222
8/2/17,15.154
8/3/17,15.098
8/4/17,15.044
8/7/17,14.992
8/8/17,14.942
8/9/17,14.934
8/10/17,14.91
8/11/17,14.876
8/14/17,14.856
8/15/17,14.842
8/16/17,14.83
8/17/17,14.822
8/18/17,14.82
8/21/17,14.854
8/22/17,14.918
8/23/17,14.988
8/24/17,15.08
8/25/17,15.162
8/28/17,15.218
8/29/17,15.252
8/30/17,15.294
8/31/17,15.322
9/1/17,15.36
9/4/17,15.41
9/5/17,15.444
9/6/17,15.448
9/7/17,15.428
9/8/17,15.39
9/14/17,15.348
9/15/17,15.32
9/18/17,15.302
9/19/17,15.276
9/20/17,15.28
9/21/17,15.272
9/22/17,15.25
9/25/17,15.246
9/26/17,15.272
9/27/17,15.276
9/28/17,15.274
9/29/17,15.284
10/2/17,15.286
10/3/17,15.276
10/4/17,15.272
10/5/17,15.272
10/6/17,15.268
10/9/17,15.266
10/10/17,15.272
10/11/17,15.286
10/12/17,15.304
10/13/17,15.334
10/16/17,15.364
10/17/17,15.384
10/18/17,15.39
10/19/17,15.372
10/20/17,15.33
10/23/17,15.284
10/24/17,15.25
10/25/17,15.232
10/26/17,15.246
10/27/17,15.284
10/30/17,15.34
10/31/17,15.386
11/1/17,15.404
11/2/17,15.392
11/3/17,15.36
11/6/17,15.29
11/7/17,15.224
11/8/17,15.18
11/9/17,15.154
11/10/17,15.14
11/13/17,15.15
11/14/17,15.16
11/15/17,15.184
11/16/17,15.204
11/17/17,15.22
11/20/17,15.236
11/21/17,15.23
11/22/17,15.21
11/23/17,15.19
11/24/17,15.174
11/27/17,15.16
11/28/17,15.166
11/29/17,15.176
11/30/17,15.184
12/1/17,15.184
12/4/17,15.178
12/5/17,15.17
12/6/17,15.1
12/7/17,15.052
12/8/17,15.016
12/11/17,14.984
12/12/17,14.954
12/13/17,14.988
12/14/17,14.998
12/15/17,15.02
12/18/17,15.04
12/19/17,15.054
12/20/17,15.06
12/21/17,15.066
12/22/17,
1/2/18,
1/3/18,
1/4/18,
1/5/18,
1/8/18,15.454
1/9/18,15.43
1/10/18,15.398
1/11/18,15.356
1/12/18,15.322
1/15/18,15.29
1/16/18,15.278
1/17/18,15.282
1/18/18,15.304
1/19/18,15.328
1/22/18,15.348
1/23/18,15.362
1/24/18,15.37
1/25/18,15.366
1/26/18,15.352
1/29/18,15.344
1/30/18,15.336
1/31/18,15.32
2/1/18,15.306
2/2/18,15.298
2/5/18,15.29
2/6/18,15.286
2/7/18,15.29
2/8/18,15.288
2/9/18,15.286
2/12/18,15.272
2/13/18,15.254
2/14/18,15.236
2/15/18,15.226
2/16/18,15.22
2/19/18,15.224
2/20/18,15.22
2/21/18,15.208
2/22/18,15.196
2/23/18,15.188
2/26/18,15.19
2/27/18,15.212
2/28/18,15.228
3/1/18,15.24
3/2/18,15.238
3/5/18,15.216
3/6/18,15.192
3/7/18,15.19
3/8/18,15.188
3/9/18,15.19
3/12/18,15.2
3/13/18,15.2
3/14/18,15.196
3/15/18,15.188
3/16/18,15.18
3/19/18,15.18
3/20/18,15.182
3/21/18,15.182
3/22/18,15.188
3/23/18,15.198
3/26/18,15.192
3/27/18,15.17
3/28/18,15.146
3/29/18,15.124
3/29/18,15.098